age_group,gender,ethnicity,insurance,Group Size,Observed Mortality Rate,Avg Predicted Risk (Full Model)
<=49,M,ASIAN - CHINESE,Medicare,2,1.0,0.30952780626296844
80+,F,WHITE - RUSSIAN,Other,1,1.0,0.8631754222781005
<=49,F,WHITE - RUSSIAN,Medicaid,1,1.0,0.509875456000841
65-79,F,WHITE,OTHER,1,1.0,0.5563769725574234
80+,M,WHITE - OTHER EUROPEAN,Private,1,1.0,0.801063034503685
50-64,F,UNABLE TO OBTAIN,UNKNOWN,1,1.0,0.6913617639440901
65-79,M,UNABLE TO OBTAIN,Other,1,1.0,0.488364794451643
80+,F,BLACK/AFRICAN AMERICAN,Other,1,1.0,0.6762466264039189
80+,M,UNABLE TO OBTAIN,UNKNOWN,1,1.0,0.9550482574617785
50-64,M,UNABLE TO OBTAIN,Other,2,1.0,0.580718535478002
65-79,F,WHITE - RUSSIAN,Private,1,1.0,0.5764217867161727
80+,F,UNKNOWN,UNKNOWN,3,1.0,0.912535172874119
80+,F,UNKNOWN,Other,1,1.0,0.908885643644189
65-79,F,UNKNOWN,UNKNOWN,8,0.875,0.7157363454343773
50-64,F,UNKNOWN,UNKNOWN,12,0.8333333333333334,0.7367678176374929
65-79,F,OTHER,UNKNOWN,4,0.75,0.8216218204112506
80+,M,UNKNOWN,UNKNOWN,7,0.7142857142857143,0.9304703820390817
80+,F,WHITE,UNKNOWN,7,0.7142857142857143,0.801526235804728
80+,M,ASIAN - CHINESE,Medicaid,10,0.7,0.6466735065759155
65-79,M,WHITE - OTHER EUROPEAN,Medicaid,3,0.6666666666666666,0.6633815153564576
<=49,F,UNABLE TO OBTAIN,Other,3,0.6666666666666666,0.3533140398440193
<=49,F,WHITE - OTHER EUROPEAN,Medicare,3,0.6666666666666666,0.4031376638937268
50-64,M,ASIAN,Other,3,0.6666666666666666,0.4671726714254538
50-64,M,HISPANIC/LATINO - PUERTO RICAN,UNKNOWN,3,0.6666666666666666,0.45305862010759185
80+,M,ASIAN,Medicaid,5,0.6,0.6495472132915856
65-79,M,UNABLE TO OBTAIN,Medicaid,7,0.5714285714285714,0.5402817075704904
<=49,M,ASIAN,Medicaid,9,0.5555555555555556,0.23821872664903485
80+,F,UNKNOWN,Medicaid,11,0.5454545454545454,0.8167806616030816
80+,F,UNKNOWN,Medicare,266,0.5375939849624061,0.750300584110332
50-64,F,WHITE - RUSSIAN,Medicare,2,0.5,0.7149302542483464
<=49,M,ASIAN,UNKNOWN,2,0.5,0.29950869065845875
80+,F,BLACK/AFRICAN AMERICAN,UNKNOWN,2,0.5,0.6229876038888018
<=49,M,ASIAN - CHINESE,Private,6,0.5,0.37144478987430474
<=49,F,UNKNOWN,Medicare,20,0.5,0.4823602239951034
80+,F,UNABLE TO OBTAIN,UNKNOWN,2,0.5,0.6959641537701643
<=49,M,WHITE - OTHER EUROPEAN,Medicare,4,0.5,0.5439141208055059
<=49,M,UNABLE TO OBTAIN,Medicare,6,0.5,0.5692432978417913
<=49,M,UNKNOWN,UNKNOWN,42,0.47619047619047616,0.47162407386585636
50-64,F,UNKNOWN,Other,15,0.4666666666666667,0.6799387338564372
80+,F,ASIAN,Medicaid,13,0.46153846153846156,0.704055178526481
<=49,F,UNKNOWN,UNKNOWN,13,0.46153846153846156,0.587009462541483
50-64,F,HISPANIC/LATINO - PUERTO RICAN,Medicare,9,0.4444444444444444,0.5243788712615607
80+,M,UNABLE TO OBTAIN,Medicare,43,0.4418604651162791,0.6175331110727528
80+,F,ASIAN - CHINESE,Medicaid,7,0.42857142857142855,0.5761183458397108
80+,F,ASIAN,Medicare,28,0.42857142857142855,0.5700563559535642
50-64,F,WHITE - OTHER EUROPEAN,Medicare,7,0.42857142857142855,0.5286664426223202
80+,F,OTHER,Private,7,0.42857142857142855,0.48974881599565795
<=49,F,UNKNOWN,Other,14,0.42857142857142855,0.4521846401405452
65-79,M,OTHER,Other,7,0.42857142857142855,0.4923613533661424
65-79,M,UNKNOWN,UNKNOWN,10,0.4,0.7386714629534868
65-79,M,HISPANIC/LATINO - PUERTO RICAN,Medicaid,5,0.4,0.40820774020245965
50-64,F,UNKNOWN,Medicaid,70,0.4,0.6375728363410539
<=49,F,UNABLE TO OBTAIN,Medicare,5,0.4,0.53604460421121
80+,F,WHITE - RUSSIAN,Medicaid,5,0.4,0.6583213806798581
<=49,M,ASIAN - CHINESE,Medicaid,5,0.4,0.32646031127303454
65-79,F,HISPANIC/LATINO - PUERTO RICAN,Private,5,0.4,0.5894423178004129
65-79,F,WHITE,UNKNOWN,5,0.4,0.6649623211552665
65-79,M,UNKNOWN,Other,10,0.4,0.5788942365832447
80+,F,UNABLE TO OBTAIN,Medicare,45,0.4,0.6194629774160515
80+,F,WHITE - RUSSIAN,Medicare,102,0.38235294117647056,0.6077463630034069
80+,M,UNKNOWN,Medicare,262,0.37786259541984735,0.7273276203264916
80+,M,OTHER,Private,8,0.375,0.5603054855579651
80+,M,WHITE,Other,8,0.375,0.5064903611197231
80+,M,BLACK/AFRICAN AMERICAN,Private,8,0.375,0.5648388812815194
65-79,F,UNKNOWN,Medicare,339,0.37168141592920356,0.6549605148833629
50-64,M,UNKNOWN,UNKNOWN,27,0.37037037037037035,0.6427389708957476
80+,F,BLACK/AFRICAN AMERICAN,Medicaid,30,0.36666666666666664,0.5601111731822268
50-64,M,UNKNOWN,Medicaid,137,0.36496350364963503,0.6132937951123443
80+,F,WHITE - OTHER EUROPEAN,Medicare,59,0.3559322033898305,0.5327480990506518
80+,M,WHITE - RUSSIAN,Medicare,93,0.3548387096774194,0.6114129570371387
50-64,F,ASIAN,Private,9,0.3333333333333333,0.4082811166287806
65-79,M,UNKNOWN,Medicaid,30,0.3333333333333333,0.6919392526202446
<=49,F,HISPANIC/LATINO - PUERTO RICAN,Medicare,9,0.3333333333333333,0.35737322492858337
80+,M,UNKNOWN,Other,3,0.3333333333333333,0.7439337851012167
80+,M,UNKNOWN,Medicaid,9,0.3333333333333333,0.6857987082982006
<=49,F,ASIAN - CHINESE,Private,6,0.3333333333333333,0.32037548172683655
80+,F,BLACK/AFRICAN AMERICAN,Medicare,291,0.3333333333333333,0.5871691867282862
80+,F,UNKNOWN,Private,6,0.3333333333333333,0.6625421402083922
65-79,F,UNKNOWN,Private,42,0.3333333333333333,0.5937805404974116
50-64,M,BLACK/AFRICAN AMERICAN,UNKNOWN,6,0.3333333333333333,0.587172158060418
50-64,M,HISPANIC/LATINO - PUERTO RICAN,Other,3,0.3333333333333333,0.575182746836791
80+,M,ASIAN - CHINESE,Medicare,52,0.3269230769230769,0.5737040431912491
80+,M,WHITE,Private,97,0.31958762886597936,0.5374431575086395
50-64,M,UNABLE TO OBTAIN,Medicare,22,0.3181818181818182,0.472220601916829
80+,M,BLACK/AFRICAN AMERICAN,Medicare,152,0.3157894736842105,0.543647546539419
65-79,M,UNABLE TO OBTAIN,Medicare,54,0.3148148148148148,0.5300040830550142
<=49,F,UNKNOWN,Private,83,0.3132530120481928,0.4138718734423973
65-79,M,UNKNOWN,Medicare,493,0.31237322515212984,0.6430860521005012
65-79,F,UNABLE TO OBTAIN,Medicare,52,0.3076923076923077,0.5472749611325026
80+,F,WHITE,Private,62,0.3064516129032258,0.5324491488544274
80+,M,WHITE,UNKNOWN,10,0.3,0.6482809477232099
<=49,M,UNKNOWN,Medicare,47,0.2978723404255319,0.39466747631127463
80+,M,OTHER,Medicare,195,0.29743589743589743,0.5266001648735429
80+,M,WHITE,Medicare,2495,0.2969939879759519,0.5396820451810811
50-64,M,ASIAN,Private,27,0.2962962962962963,0.36427027055218036
65-79,M,WHITE - RUSSIAN,Medicare,51,0.29411764705882354,0.5625503786615424
80+,F,OTHER,Medicare,233,0.2875536480686695,0.5175167971716579
65-79,M,ASIAN,Private,14,0.2857142857142857,0.4756606917369623
50-64,F,ASIAN,Medicaid,14,0.2857142857142857,0.502091118044995
65-79,M,HISPANIC/LATINO - PUERTO RICAN,Private,7,0.2857142857142857,0.3675533060634114
80+,M,WHITE,Medicaid,21,0.2857142857142857,0.6406733563834585
65-79,M,ASIAN,Medicaid,14,0.2857142857142857,0.5182617229292694
65-79,M,WHITE,UNKNOWN,14,0.2857142857142857,0.5499582837052676
80+,F,WHITE,Medicare,2391,0.28565453785027184,0.5335428355715286
80+,M,ASIAN,Medicare,46,0.2826086956521739,0.6257838051505732
80+,F,OTHER,Medicaid,50,0.28,0.580773854247922
50-64,M,UNKNOWN,Medicare,115,0.2782608695652174,0.5697398827014127
<=49,M,UNKNOWN,Medicaid,149,0.2751677852348993,0.4449824247594363
<=49,M,UNABLE TO OBTAIN,Medicaid,11,0.2727272727272727,0.3733412441468977
80+,F,WHITE,Medicaid,48,0.2708333333333333,0.5770895877355803
50-64,M,ASIAN - CHINESE,Medicaid,26,0.2692307692307692,0.4617175827117136
65-79,M,BLACK/AFRICAN AMERICAN,Medicaid,26,0.2692307692307692,0.4992510919934319
50-64,M,ASIAN,Medicaid,26,0.2692307692307692,0.4016355593152171
50-64,M,WHITE - OTHER EUROPEAN,Medicare,15,0.26666666666666666,0.40339230858211644
65-79,F,WHITE,Medicaid,87,0.26436781609195403,0.5382595083155858
50-64,M,UNKNOWN,Private,217,0.2626728110599078,0.5169862678868967
80+,M,HISPANIC/LATINO - PUERTO RICAN,Medicare,23,0.2608695652173913,0.5601724014600198
80+,F,ASIAN - CHINESE,Medicare,35,0.2571428571428571,0.6101797290601492
65-79,M,UNKNOWN,Private,83,0.25301204819277107,0.5933465906023001
50-64,F,UNKNOWN,Private,99,0.25252525252525254,0.533599610378598
80+,M,HISPANIC/LATINO - PUERTO RICAN,Medicaid,4,0.25,0.47986334105199113
80+,M,BLACK/AFRICAN AMERICAN,Medicaid,4,0.25,0.5264126584439872
65-79,F,WHITE - OTHER EUROPEAN,Medicare,64,0.25,0.49661113860314576
50-64,F,WHITE - OTHER EUROPEAN,Other,4,0.25,0.48262163772518873
50-64,F,HISPANIC/LATINO - PUERTO RICAN,Private,4,0.25,0.31848180064771464
65-79,M,ASIAN - CHINESE,Private,8,0.25,0.35403482418582266
50-64,M,ASIAN - CHINESE,Medicare,4,0.25,0.6109817166809728
65-79,M,UNABLE TO OBTAIN,Private,16,0.25,0.5408513862641835
80+,F,BLACK/AFRICAN AMERICAN,Private,4,0.25,0.7121767206231404
65-79,F,BLACK/AFRICAN AMERICAN,Medicare,474,0.24261603375527427,0.4960235153751778
65-79,M,BLACK/AFRICAN AMERICAN,Medicare,335,0.2417910447761194,0.4615187212743892
50-64,M,HISPANIC/LATINO - PUERTO RICAN,Medicare,29,0.2413793103448276,0.3287655833152135
50-64,M,OTHER,Medicare,162,0.24074074074074073,0.4071638816773223
<=49,F,UNKNOWN,Medicaid,88,0.23863636363636365,0.48781680647938325
80+,M,OTHER,Medicaid,34,0.23529411764705882,0.5356691360870759
50-64,F,UNKNOWN,Medicare,68,0.23529411764705882,0.5622851313346703
50-64,M,UNABLE TO OBTAIN,Medicaid,13,0.23076923076923078,0.43533108175154045
65-79,F,OTHER,Private,26,0.23076923076923078,0.423653606305494
65-79,M,ASIAN - CHINESE,Medicare,35,0.22857142857142856,0.4770905247264406
50-64,M,BLACK/AFRICAN AMERICAN,Private,152,0.2236842105263158,0.4045124208524533
50-64,M,OTHER,UNKNOWN,23,0.21739130434782608,0.3882088596510105
65-79,F,HISPANIC/LATINO - PUERTO RICAN,Medicare,37,0.21621621621621623,0.5513706897229999
80+,M,WHITE - OTHER EUROPEAN,Medicare,65,0.2153846153846154,0.5275126787478759
80+,M,UNKNOWN,Private,19,0.21052631578947367,0.7251273130325411
65-79,M,WHITE - OTHER EUROPEAN,Private,19,0.21052631578947367,0.32691473528899695
65-79,F,WHITE,Medicare,2674,0.20905011219147346,0.47258340808860794
65-79,M,WHITE - OTHER EUROPEAN,Medicare,121,0.2066115702479339,0.45068291574515823
65-79,M,HISPANIC/LATINO - PUERTO RICAN,Medicare,59,0.2033898305084746,0.45169606705925663
<=49,F,ASIAN,Medicare,5,0.2,0.44925796162259346
<=49,F,ASIAN,Medicaid,15,0.2,0.22462919286450797
<=49,M,ASIAN,Medicare,5,0.2,0.34881211047584226
<=49,F,UNABLE TO OBTAIN,Private,10,0.2,0.2772966039184098
80+,F,WHITE,Other,5,0.2,0.4587735238260941
65-79,M,WHITE - RUSSIAN,Medicaid,5,0.2,0.5729534302796268
50-64,F,OTHER,Private,120,0.2,0.36747975973126895
65-79,M,OTHER,Medicare,405,0.2,0.4324745768393453
65-79,M,OTHER,Medicaid,75,0.2,0.41064573924784437
65-79,F,WHITE - OTHER EUROPEAN,Medicaid,5,0.2,0.6367986078119362
65-79,F,UNABLE TO OBTAIN,Medicaid,5,0.2,0.5089053332616971
65-79,F,ASIAN - CHINESE,Medicare,40,0.2,0.5410431105490296
65-79,F,ASIAN - CHINESE,Private,5,0.2,0.6316100120244278
50-64,M,UNKNOWN,Other,40,0.2,0.4873100931699358
50-64,M,WHITE,Medicaid,716,0.19972067039106145,0.40849367802769765
50-64,F,WHITE,Medicaid,418,0.19856459330143542,0.40762620587791537
65-79,F,WHITE - RUSSIAN,Medicare,36,0.19444444444444445,0.5360983212274065
50-64,F,BLACK/AFRICAN AMERICAN,Medicare,144,0.19444444444444445,0.41193005738409766
65-79,M,WHITE,Medicare,3730,0.19168900804289543,0.4483056798633704
50-64,M,HISPANIC/LATINO - PUERTO RICAN,Medicaid,27,0.18518518518518517,0.42049333922028437
50-64,F,HISPANIC/LATINO - PUERTO RICAN,Medicaid,33,0.18181818181818182,0.3880625569818306
65-79,M,ASIAN - CHINESE,Medicaid,11,0.18181818181818182,0.49990023948933116
50-64,F,UNABLE TO OBTAIN,Medicaid,11,0.18181818181818182,0.4900198951620455
<=49,F,WHITE,UNKNOWN,22,0.18181818181818182,0.35306987094481407
65-79,M,ASIAN,Medicare,61,0.18032786885245902,0.5291902215946653
65-79,M,WHITE,Other,51,0.17647058823529413,0.4614446787720314
50-64,M,WHITE,Medicare,983,0.17395727365208546,0.3953205453685005
50-64,M,OTHER,Medicaid,150,0.17333333333333334,0.4086367623833861
65-79,M,WHITE,Private,747,0.1713520749665328,0.41493644236146787
65-79,F,OTHER,Medicare,294,0.17006802721088435,0.46315502861696634
<=49,F,BLACK/AFRICAN AMERICAN,Medicare,77,0.16883116883116883,0.3089272695283484
50-64,F,WHITE,Other,95,0.16842105263157894,0.3678896785593958
50-64,F,WHITE,Private,1052,0.1682509505703422,0.36197944862243164
<=49,M,UNKNOWN,Private,161,0.16770186335403728,0.3443399608955131
50-64,M,ASIAN - CHINESE,Private,18,0.16666666666666666,0.3759368181320351
80+,M,OTHER,UNKNOWN,6,0.16666666666666666,0.63918096206121
65-79,F,UNABLE TO OBTAIN,Private,6,0.16666666666666666,0.6015733276570985
50-64,F,OTHER,Other,12,0.16666666666666666,0.3708519578925858
<=49,M,UNABLE TO OBTAIN,UNKNOWN,6,0.16666666666666666,0.46020884403756734
50-64,F,WHITE - OTHER EUROPEAN,Medicaid,12,0.16666666666666666,0.42271112253141346
65-79,F,ASIAN,Medicare,18,0.16666666666666666,0.5116348109283815
50-64,F,OTHER,Medicare,98,0.16326530612244897,0.4137334490162023
65-79,M,WHITE,Medicaid,86,0.16279069767441862,0.45066424316340664
65-79,F,OTHER,Medicaid,68,0.16176470588235295,0.4768854286612815
<=49,M,HISPANIC/LATINO - PUERTO RICAN,Medicare,25,0.16,0.2959662329485756
50-64,M,WHITE - OTHER EUROPEAN,Medicaid,19,0.15789473684210525,0.4124157884899709
50-64,F,BLACK/AFRICAN AMERICAN,Medicaid,154,0.15584415584415584,0.4199847173445317
50-64,F,WHITE,Medicare,601,0.15474209650582363,0.38912369914090944
65-79,M,WHITE - RUSSIAN,Private,13,0.15384615384615385,0.4526215722633286
65-79,F,HISPANIC/LATINO - PUERTO RICAN,Medicaid,13,0.15384615384615385,0.4991466925747648
65-79,M,BLACK/AFRICAN AMERICAN,Private,46,0.15217391304347827,0.4543905604995825
65-79,F,WHITE,Private,330,0.15151515151515152,0.42277506178619323
<=49,M,BLACK/AFRICAN AMERICAN,Medicare,53,0.1509433962264151,0.28061276129705853
<=49,F,WHITE - OTHER EUROPEAN,Medicaid,20,0.15,0.382281442994607
50-64,M,WHITE - OTHER EUROPEAN,Private,54,0.14814814814814814,0.2935261058064397
80+,M,WHITE - RUSSIAN,Medicaid,7,0.14285714285714285,0.5597495059650951
50-64,M,WHITE,Private,1887,0.14043455219925807,0.33581023054591125
50-64,M,BLACK/AFRICAN AMERICAN,Medicaid,115,0.1391304347826087,0.3943207847425578
50-64,M,OTHER,Other,36,0.1388888888888889,0.2761300385969051
50-64,F,OTHER,Medicaid,130,0.13846153846153847,0.4314538486928299
50-64,M,WHITE,Other,148,0.13513513513513514,0.3167763038213036
<=49,M,WHITE,Medicaid,386,0.13471502590673576,0.2639905480558667
80+,F,HISPANIC/LATINO - PUERTO RICAN,Medicare,15,0.13333333333333333,0.5035830663382355
65-79,F,ASIAN - CHINESE,Medicaid,15,0.13333333333333333,0.4686198800617201
<=49,F,OTHER,Other,15,0.13333333333333333,0.13765305506608866
<=49,M,OTHER,Medicaid,174,0.13218390804597702,0.2480566324476831
50-64,F,WHITE,UNKNOWN,23,0.13043478260869565,0.4854019359751808
<=49,M,BLACK/AFRICAN AMERICAN,Medicaid,94,0.1276595744680851,0.2856440531891508
65-79,F,BLACK/AFRICAN AMERICAN,Medicaid,55,0.12727272727272726,0.4851033523637074
50-64,F,BLACK/AFRICAN AMERICAN,Private,118,0.1271186440677966,0.3693847832469157
50-64,M,OTHER,Private,255,0.12549019607843137,0.3370153651635481
<=49,M,UNABLE TO OBTAIN,Private,24,0.125,0.20619110764970958
50-64,M,WHITE - RUSSIAN,Private,8,0.125,0.22364928881392793
<=49,F,WHITE,Other,24,0.125,0.17739391855240208
<=49,M,OTHER,Medicare,56,0.125,0.2568986693715701
<=49,F,BLACK/AFRICAN AMERICAN,Medicaid,130,0.12307692307692308,0.2827349769895471
65-79,F,BLACK/AFRICAN AMERICAN,Private,34,0.11764705882352941,0.40157729248954327
50-64,M,WHITE,UNKNOWN,43,0.11627906976744186,0.4516572556121312
50-64,M,BLACK/AFRICAN AMERICAN,Medicare,155,0.11612903225806452,0.3931906206949419
<=49,M,WHITE,UNKNOWN,69,0.11594202898550725,0.28251279106897975
<=49,M,WHITE,Other,78,0.11538461538461539,0.22296806420458637
<=49,M,WHITE,Medicare,275,0.11272727272727273,0.2588785048595724
<=49,F,BLACK/AFRICAN AMERICAN,Private,71,0.11267605633802817,0.2116348618957159
<=49,M,WHITE - OTHER EUROPEAN,Private,18,0.1111111111111111,0.2090559315148781
<=49,M,UNKNOWN,Other,36,0.1111111111111111,0.3065491465682768
65-79,F,WHITE,Other,9,0.1111111111111111,0.45029817396816774
<=49,M,WHITE,Private,631,0.10935023771790808,0.2207642620423311
<=49,M,OTHER,Private,158,0.10759493670886076,0.17069388312409528
<=49,F,OTHER,Medicaid,112,0.10714285714285714,0.2227353878274377
65-79,F,UNKNOWN,Medicaid,19,0.10526315789473684,0.7371469495225235
50-64,F,WHITE - OTHER EUROPEAN,Private,29,0.10344827586206896,0.3453400798922904
50-64,F,UNABLE TO OBTAIN,Medicare,10,0.1,0.4143862320990497
<=49,M,BLACK/AFRICAN AMERICAN,UNKNOWN,10,0.1,0.21761660435471158
65-79,M,OTHER,Private,80,0.1,0.3880659588160856
<=49,F,WHITE,Medicaid,318,0.09433962264150944,0.26908933009478725
<=49,F,WHITE,Medicare,181,0.09392265193370165,0.2733508058690024
<=49,M,OTHER,Other,64,0.09375,0.17284075406371477
<=49,M,HISPANIC/LATINO - PUERTO RICAN,Medicaid,43,0.09302325581395349,0.30222553680094405
50-64,F,UNABLE TO OBTAIN,Private,23,0.08695652173913043,0.42012242885203493
50-64,M,UNABLE TO OBTAIN,Private,49,0.08163265306122448,0.31930437167894393
<=49,F,OTHER,Private,86,0.08139534883720931,0.20450547649449816
<=49,M,OTHER,UNKNOWN,26,0.07692307692307693,0.20207968646116112
<=49,M,WHITE - OTHER EUROPEAN,Medicaid,13,0.07692307692307693,0.2792606132739516
<=49,F,OTHER,Medicare,27,0.07407407407407407,0.3247510456251452
<=49,F,ASIAN,Private,27,0.07407407407407407,0.207705535396075
<=49,F,WHITE,Private,415,0.07228915662650602,0.23030347035326715
50-64,F,ASIAN - CHINESE,Medicaid,16,0.0625,0.3894559944029857
<=49,M,BLACK/AFRICAN AMERICAN,Other,21,0.047619047619047616,0.20042035443559872
<=49,F,HISPANIC/LATINO - PUERTO RICAN,Medicaid,25,0.04,0.3250562026726804
<=49,M,BLACK/AFRICAN AMERICAN,Private,60,0.03333333333333333,0.1931779724212576
80+,M,UNABLE TO OBTAIN,Medicaid,1,0.0,0.43629214639034103
<=49,F,ASIAN - CHINESE,Medicaid,14,0.0,0.2591966482520217
<=49,F,ASIAN - CHINESE,Medicare,1,0.0,0.904341505681259
50-64,M,UNABLE TO OBTAIN,UNKNOWN,4,0.0,0.547549218683269
65-79,F,ASIAN,Private,5,0.0,0.6198666071406512
50-64,M,WHITE - RUSSIAN,UNKNOWN,1,0.0,0.5548280792139312
50-64,M,WHITE - OTHER EUROPEAN,Other,2,0.0,0.19430914726181772
50-64,M,WHITE - OTHER EUROPEAN,UNKNOWN,3,0.0,0.37979431418989346
50-64,M,WHITE - RUSSIAN,Medicaid,3,0.0,0.1790828799462437
65-79,F,ASIAN,Medicaid,12,0.0,0.5144722594728423
80+,M,WHITE - OTHER EUROPEAN,UNKNOWN,1,0.0,0.4444118012784313
<=49,F,HISPANIC/LATINO - PUERTO RICAN,Private,4,0.0,0.1974659813811318
<=49,F,HISPANIC/LATINO - PUERTO RICAN,Other,2,0.0,0.3952807789596235
<=49,F,BLACK/AFRICAN AMERICAN,UNKNOWN,1,0.0,0.1855347029358018
<=49,F,BLACK/AFRICAN AMERICAN,Other,9,0.0,0.1547103639110704
50-64,F,WHITE - RUSSIAN,Private,2,0.0,0.24645280933483926
50-64,F,OTHER,UNKNOWN,4,0.0,0.5087635628721014
50-64,M,ASIAN,Medicare,7,0.0,0.49027245164920485
65-79,F,WHITE - OTHER EUROPEAN,UNKNOWN,1,0.0,0.5074203228941095
50-64,F,WHITE - RUSSIAN,Medicaid,3,0.0,0.23978995214382268
65-79,M,ASIAN,UNKNOWN,1,0.0,0.7940645875108805
65-79,F,WHITE - RUSSIAN,Medicaid,6,0.0,0.3231853772874914
50-64,M,ASIAN - CHINESE,Other,3,0.0,0.4211824211421959
65-79,F,UNKNOWN,Other,3,0.0,0.35744638571674586
65-79,F,UNABLE TO OBTAIN,Other,2,0.0,0.4003254024695212
65-79,F,BLACK/AFRICAN AMERICAN,Other,2,0.0,0.3340930223137981
65-79,F,HISPANIC/LATINO - PUERTO RICAN,Other,1,0.0,0.2469041248936361
50-64,M,BLACK/AFRICAN AMERICAN,Other,30,0.0,0.38569769512575325
65-79,F,OTHER,Other,7,0.0,0.3027784808919632
50-64,M,ASIAN,UNKNOWN,1,0.0,0.36384785476903353
65-79,F,WHITE - OTHER EUROPEAN,Private,9,0.0,0.38659369476168054
50-64,M,HISPANIC/LATINO - PUERTO RICAN,Private,10,0.0,0.19930984909491223
65-79,M,ASIAN - CHINESE,Other,1,0.0,0.5139229528254357
65-79,M,BLACK/AFRICAN AMERICAN,Other,6,0.0,0.5506576882416554
50-64,F,HISPANIC/LATINO - PUERTO RICAN,Other,1,0.0,0.4652530401544026
50-64,F,ASIAN - CHINESE,Private,6,0.0,0.31260436370132066
50-64,F,ASIAN - CHINESE,Medicare,6,0.0,0.46472805390854055
<=49,M,WHITE - RUSSIAN,Private,1,0.0,0.1926915480265361
50-64,F,ASIAN,Other,1,0.0,0.508095186559667
<=49,M,WHITE - RUSSIAN,Medicare,1,0.0,0.08586210838807098
<=49,M,WHITE - RUSSIAN,Medicaid,2,0.0,0.5041977364577608
65-79,M,OTHER,UNKNOWN,1,0.0,0.30431830723841424
65-79,M,UNABLE TO OBTAIN,UNKNOWN,1,0.0,0.6814852154424146
65-79,M,HISPANIC/LATINO - PUERTO RICAN,Other,2,0.0,0.5622794885562132
80+,F,HISPANIC/LATINO - PUERTO RICAN,Medicaid,2,0.0,0.5687123972401602
<=49,M,WHITE - OTHER EUROPEAN,UNKNOWN,2,0.0,0.1539401610003533
80+,F,OTHER,UNKNOWN,1,0.0,0.7216888972582897
50-64,F,BLACK/AFRICAN AMERICAN,Other,7,0.0,0.25130638926150983
50-64,F,BLACK/AFRICAN AMERICAN,UNKNOWN,3,0.0,0.4344223493480562
65-79,M,WHITE - OTHER EUROPEAN,UNKNOWN,2,0.0,0.75010909657232
80+,F,ASIAN - CHINESE,UNKNOWN,1,0.0,0.6187449514946474
<=49,M,ASIAN,Other,2,0.0,0.09944885852800528
<=49,F,WHITE - RUSSIAN,UNKNOWN,1,0.0,0.3212579091390859
<=49,F,WHITE - RUSSIAN,Private,2,0.0,0.23734440929041384
<=49,F,WHITE - OTHER EUROPEAN,Private,3,0.0,0.14115867169852683
80+,F,WHITE - OTHER EUROPEAN,Private,1,0.0,0.6494754769658375
80+,F,UNABLE TO OBTAIN,Private,1,0.0,0.553297912943263
<=49,M,UNABLE TO OBTAIN,Other,6,0.0,0.21919953383090718
<=49,M,HISPANIC/LATINO - PUERTO RICAN,Private,10,0.0,0.22924659882421308
<=49,M,HISPANIC/LATINO - PUERTO RICAN,UNKNOWN,6,0.0,0.17287145495772263
<=49,M,HISPANIC/LATINO - PUERTO RICAN,Other,3,0.0,0.2014737849870346
<=49,M,ASIAN,Private,9,0.0,0.23208064541561604
<=49,F,UNABLE TO OBTAIN,Medicaid,2,0.0,0.26882110318339403
<=49,F,OTHER,UNKNOWN,5,0.0,0.3654044414528861
80+,M,BLACK/AFRICAN AMERICAN,Other,1,0.0,0.6364707407650749
80+,M,OTHER,Other,1,0.0,0.23202516130301407
<=49,F,ASIAN,Other,1,0.0,0.2374703314248509
<=49,F,ASIAN,OTHER,0,,
<=49,F,ASIAN,UNKNOWN,0,,
<=49,F,ASIAN - CHINESE,OTHER,0,,
<=49,F,ASIAN - CHINESE,Other,0,,
<=49,F,ASIAN - CHINESE,UNKNOWN,0,,
<=49,F,BLACK/AFRICAN AMERICAN,OTHER,0,,
<=49,F,HISPANIC/LATINO - PUERTO RICAN,OTHER,0,,
<=49,F,HISPANIC/LATINO - PUERTO RICAN,UNKNOWN,0,,
<=49,F,OTHER,OTHER,0,,
<=49,F,UNABLE TO OBTAIN,OTHER,0,,
<=49,F,UNABLE TO OBTAIN,UNKNOWN,0,,
<=49,F,UNKNOWN,OTHER,0,,
<=49,F,WHITE,OTHER,0,,
<=49,F,WHITE - OTHER EUROPEAN,OTHER,0,,
<=49,F,WHITE - OTHER EUROPEAN,Other,0,,
<=49,F,WHITE - OTHER EUROPEAN,UNKNOWN,0,,
<=49,F,WHITE - RUSSIAN,Medicare,0,,
<=49,F,WHITE - RUSSIAN,OTHER,0,,
<=49,F,WHITE - RUSSIAN,Other,0,,
<=49,M,ASIAN,OTHER,0,,
<=49,M,ASIAN - CHINESE,OTHER,0,,
<=49,M,ASIAN - CHINESE,Other,0,,
<=49,M,ASIAN - CHINESE,UNKNOWN,0,,
<=49,M,BLACK/AFRICAN AMERICAN,OTHER,0,,
<=49,M,HISPANIC/LATINO - PUERTO RICAN,OTHER,0,,
<=49,M,OTHER,OTHER,0,,
<=49,M,UNABLE TO OBTAIN,OTHER,0,,
<=49,M,UNKNOWN,OTHER,0,,
<=49,M,WHITE,OTHER,0,,
<=49,M,WHITE - OTHER EUROPEAN,OTHER,0,,
<=49,M,WHITE - OTHER EUROPEAN,Other,0,,
<=49,M,WHITE - RUSSIAN,OTHER,0,,
<=49,M,WHITE - RUSSIAN,Other,0,,
<=49,M,WHITE - RUSSIAN,UNKNOWN,0,,
50-64,F,ASIAN,Medicare,0,,
50-64,F,ASIAN,OTHER,0,,
50-64,F,ASIAN,UNKNOWN,0,,
50-64,F,ASIAN - CHINESE,OTHER,0,,
50-64,F,ASIAN - CHINESE,Other,0,,
50-64,F,ASIAN - CHINESE,UNKNOWN,0,,
50-64,F,BLACK/AFRICAN AMERICAN,OTHER,0,,
50-64,F,HISPANIC/LATINO - PUERTO RICAN,OTHER,0,,
50-64,F,HISPANIC/LATINO - PUERTO RICAN,UNKNOWN,0,,
50-64,F,OTHER,OTHER,0,,
50-64,F,UNABLE TO OBTAIN,OTHER,0,,
50-64,F,UNABLE TO OBTAIN,Other,0,,
50-64,F,UNKNOWN,OTHER,0,,
50-64,F,WHITE,OTHER,0,,
50-64,F,WHITE - OTHER EUROPEAN,OTHER,0,,
50-64,F,WHITE - OTHER EUROPEAN,UNKNOWN,0,,
50-64,F,WHITE - RUSSIAN,OTHER,0,,
50-64,F,WHITE - RUSSIAN,Other,0,,
50-64,F,WHITE - RUSSIAN,UNKNOWN,0,,
50-64,M,ASIAN,OTHER,0,,
50-64,M,ASIAN - CHINESE,OTHER,0,,
50-64,M,ASIAN - CHINESE,UNKNOWN,0,,
50-64,M,BLACK/AFRICAN AMERICAN,OTHER,0,,
50-64,M,HISPANIC/LATINO - PUERTO RICAN,OTHER,0,,
50-64,M,OTHER,OTHER,0,,
50-64,M,UNABLE TO OBTAIN,OTHER,0,,
50-64,M,UNKNOWN,OTHER,0,,
50-64,M,WHITE,OTHER,0,,
50-64,M,WHITE - OTHER EUROPEAN,OTHER,0,,
50-64,M,WHITE - RUSSIAN,Medicare,0,,
50-64,M,WHITE - RUSSIAN,OTHER,0,,
50-64,M,WHITE - RUSSIAN,Other,0,,
65-79,F,ASIAN,OTHER,0,,
65-79,F,ASIAN,Other,0,,
65-79,F,ASIAN,UNKNOWN,0,,
65-79,F,ASIAN - CHINESE,OTHER,0,,
65-79,F,ASIAN - CHINESE,Other,0,,
65-79,F,ASIAN - CHINESE,UNKNOWN,0,,
65-79,F,BLACK/AFRICAN AMERICAN,OTHER,0,,
65-79,F,BLACK/AFRICAN AMERICAN,UNKNOWN,0,,
65-79,F,HISPANIC/LATINO - PUERTO RICAN,OTHER,0,,
65-79,F,HISPANIC/LATINO - PUERTO RICAN,UNKNOWN,0,,
65-79,F,OTHER,OTHER,0,,
65-79,F,UNABLE TO OBTAIN,OTHER,0,,
65-79,F,UNABLE TO OBTAIN,UNKNOWN,0,,
65-79,F,UNKNOWN,OTHER,0,,
65-79,F,WHITE - OTHER EUROPEAN,OTHER,0,,
65-79,F,WHITE - OTHER EUROPEAN,Other,0,,
65-79,F,WHITE - RUSSIAN,OTHER,0,,
65-79,F,WHITE - RUSSIAN,Other,0,,
65-79,F,WHITE - RUSSIAN,UNKNOWN,0,,
65-79,M,ASIAN,OTHER,0,,
65-79,M,ASIAN,Other,0,,
65-79,M,ASIAN - CHINESE,OTHER,0,,
65-79,M,ASIAN - CHINESE,UNKNOWN,0,,
65-79,M,BLACK/AFRICAN AMERICAN,OTHER,0,,
65-79,M,BLACK/AFRICAN AMERICAN,UNKNOWN,0,,
65-79,M,HISPANIC/LATINO - PUERTO RICAN,OTHER,0,,
65-79,M,HISPANIC/LATINO - PUERTO RICAN,UNKNOWN,0,,
65-79,M,OTHER,OTHER,0,,
65-79,M,UNABLE TO OBTAIN,OTHER,0,,
65-79,M,UNKNOWN,OTHER,0,,
65-79,M,WHITE,OTHER,0,,
65-79,M,WHITE - OTHER EUROPEAN,OTHER,0,,
65-79,M,WHITE - OTHER EUROPEAN,Other,0,,
65-79,M,WHITE - RUSSIAN,OTHER,0,,
65-79,M,WHITE - RUSSIAN,Other,0,,
65-79,M,WHITE - RUSSIAN,UNKNOWN,0,,
80+,F,ASIAN,OTHER,0,,
80+,F,ASIAN,Other,0,,
80+,F,ASIAN,Private,0,,
80+,F,ASIAN,UNKNOWN,0,,
80+,F,ASIAN - CHINESE,OTHER,0,,
80+,F,ASIAN - CHINESE,Other,0,,
80+,F,ASIAN - CHINESE,Private,0,,
80+,F,BLACK/AFRICAN AMERICAN,OTHER,0,,
80+,F,HISPANIC/LATINO - PUERTO RICAN,OTHER,0,,
80+,F,HISPANIC/LATINO - PUERTO RICAN,Other,0,,
80+,F,HISPANIC/LATINO - PUERTO RICAN,Private,0,,
80+,F,HISPANIC/LATINO - PUERTO RICAN,UNKNOWN,0,,
80+,F,OTHER,OTHER,0,,
80+,F,OTHER,Other,0,,
80+,F,UNABLE TO OBTAIN,Medicaid,0,,
80+,F,UNABLE TO OBTAIN,OTHER,0,,
80+,F,UNABLE TO OBTAIN,Other,0,,
80+,F,UNKNOWN,OTHER,0,,
80+,F,WHITE,OTHER,0,,
80+,F,WHITE - OTHER EUROPEAN,Medicaid,0,,
80+,F,WHITE - OTHER EUROPEAN,OTHER,0,,
80+,F,WHITE - OTHER EUROPEAN,Other,0,,
80+,F,WHITE - OTHER EUROPEAN,UNKNOWN,0,,
80+,F,WHITE - RUSSIAN,OTHER,0,,
80+,F,WHITE - RUSSIAN,Private,0,,
80+,F,WHITE - RUSSIAN,UNKNOWN,0,,
80+,M,ASIAN,OTHER,0,,
80+,M,ASIAN,Other,0,,
80+,M,ASIAN,Private,0,,
80+,M,ASIAN,UNKNOWN,0,,
80+,M,ASIAN - CHINESE,OTHER,0,,
80+,M,ASIAN - CHINESE,Other,0,,
80+,M,ASIAN - CHINESE,Private,0,,
80+,M,ASIAN - CHINESE,UNKNOWN,0,,
80+,M,BLACK/AFRICAN AMERICAN,OTHER,0,,
80+,M,BLACK/AFRICAN AMERICAN,UNKNOWN,0,,
80+,M,HISPANIC/LATINO - PUERTO RICAN,OTHER,0,,
80+,M,HISPANIC/LATINO - PUERTO RICAN,Other,0,,
80+,M,HISPANIC/LATINO - PUERTO RICAN,Private,0,,
80+,M,HISPANIC/LATINO - PUERTO RICAN,UNKNOWN,0,,
80+,M,OTHER,OTHER,0,,
80+,M,UNABLE TO OBTAIN,OTHER,0,,
80+,M,UNABLE TO OBTAIN,Other,0,,
80+,M,UNABLE TO OBTAIN,Private,0,,
80+,M,UNKNOWN,OTHER,0,,
80+,M,WHITE,OTHER,0,,
80+,M,WHITE - OTHER EUROPEAN,Medicaid,0,,
80+,M,WHITE - OTHER EUROPEAN,OTHER,0,,
80+,M,WHITE - OTHER EUROPEAN,Other,0,,
80+,M,WHITE - RUSSIAN,OTHER,0,,
80+,M,WHITE - RUSSIAN,Other,0,,
80+,M,WHITE - RUSSIAN,Private,0,,
80+,M,WHITE - RUSSIAN,UNKNOWN,0,,
